,"возможность2 фиксации валютных курсов, стоимости ценных бумаг и имущества (для целей пруденциального регулирования), а также справедливой стоимости ценных бумаг и отдельных финансовых инструментов (для целей бухгалтерского учета);","увеличение сроков3 исполнения запросов/предписаний Банка России;
отмена обязанности4 проведения актуарного аудита по актуарным заключениям за 2021 год;
использование5 бланков полисов ОСАГО старой формы (без данных о финансовом уполномоченном);
приостановка реализации6 контактных мероприятий превентивного поведенческого надзора;
неприменение7 Банком России к страховщикам мер за нарушение требований8 по защите информации.","запрет17 на раскрытие страховщиками сведений18 о страховых агентах, являющихся кредитными организациями, —","возможность фиксации3 валютных курсов, стоимости ценных бумаг и имущества (для целей пруденциального регулирования), а также справедливой стоимости ценных бумаг и отдельных финансовых инструментов (для целей бухгалтерского учета) в связи с постепенной стабилизацией финансового рынка и с учетом введения ряда новых мер поддержки, в том числе поэтапного формирования резервов по заблокированным активам, временного снижения требований по надбавкам к нормативам достаточности капитала КО (подробная информация приведена ниже);",послабления по несоблюдению лимитов открытых валютных позиций для снижения рисков и стимулирования снижения доли «токсичных» валют в балансах КО;,"регуляторные меры в части формирования резервов. Резервы на возможные потери по ссудам, прочим активам и условным обязательствам кредитного характера, возникшим до 18.02.2022, должны быть сформированы в полном объеме в соответствии с требованиями соответствующих нормативных актов в следующие сроки:","право не раскрывать чувствительную к санкционному риску информацию10, в том числе о реорганизации, структуре собственности, членах органов управления и иных должностных лицах кредитных организаций, о лицах, контролирующих кредитные организации, о существенных фактах, затрагивающих финансово-хозяйственную деятельность кредитной организации, реорганизуемой в форме слияния, присоединения и преобразования, — до 01.07.2023;",«рассрочка» 18 для КО на 10 лет19 — по 31.12.2032 — по созданию резервов на возможные потери по полностью заблокированным активам,"На основании предложений Министерства финансов Российской Федерации и Банка России будет сегодня принято решение о введении с 28 февраля 2022 года для резидентов — участников внешнеэкономической деятельности обязательной продажи иностранной валюты в размере 80% выручки, причитающейся резидентам в рамках всех внешнеторговых договоров.","Для граждан, чей валютный счет или вклад был открыт до 9 марта 2022 года, сохраняется лимит на снятие валюты в сумме остатка денежных средств на 00:00 по московскому времени указанной даты, но не более 10 тыс. долларов США или эквивалентной суммы в евро, независимо от валюты вклада или счета, при условии что они ранее не реализовали такую возможность.",сумма действующих нестандартных инструментов,сумма действующих нестандартных инструментов для страховых,сумма действующих нестандартных инструментов для банков
date,ins_fix_rate_for_estimation,ins_indulgence_with_cb,ins_non_disclosure,banks_fix_rate_for_estimation,banks_induldence_OCP,banks_induldence_reserves,banks_non_disclosure,banks_frozen_actives_installment,exporter_currency,currency_cash_withdraw,mp_index,mp_index_ins,mp_index_banks
2015-01-01,0,0,0,0,0,0,0,0,0,0,0,0,0
2015-02-01,0,0,0,0,0,0,0,0,0,0,0,0,0
2015-03-01,0,0,0,0,0,0,0,0,0,0,0,0,0
2015-04-01,0,0,0,0,0,0,0,0,0,0,0,0,0
2015-05-01,0,0,0,0,0,0,0,0,0,0,0,0,0
2015-06-01,0,0,0,0,0,0,0,0,0,0,0,0,0
2015-07-01,0,0,0,0,0,0,0,0,0,0,0,0,0
2015-08-01,0,0,0,0,0,0,0,0,0,0,0,0,0
2015-09-01,0,0,0,0,0,0,0,0,0,0,0,0,0
2015-10-01,0,0,0,0,0,0,0,0,0,0,0,0,0
2015-11-01,0,0,0,0,0,0,0,0,0,0,0,0,0
2015-12-01,0,0,0,0,0,0,0,0,0,0,0,0,0
2016-01-01,0,0,0,0,0,0,0,0,0,0,0,0,0
2016-02-01,0,0,0,0,0,0,0,0,0,0,0,0,0
2016-03-01,0,0,0,0,0,0,0,0,0,0,0,0,0
2016-04-01,0,0,0,0,0,0,0,0,0,0,0,0,0
2016-05-01,0,0,0,0,0,0,0,0,0,0,0,0,0
2016-06-01,0,0,0,0,0,0,0,0,0,0,0,0,0
2016-07-01,0,0,0,0,0,0,0,0,0,0,0,0,0
2016-08-01,0,0,0,0,0,0,0,0,0,0,0,0,0
2016-09-01,0,0,0,0,0,0,0,0,0,0,0,0,0
2016-10-01,0,0,0,0,0,0,0,0,0,0,0,0,0
2016-11-01,0,0,0,0,0,0,0,0,0,0,0,0,0
2016-12-01,0,0,0,0,0,0,0,0,0,0,0,0,0
2017-01-01,0,0,0,0,0,0,0,0,0,0,0,0,0
2017-02-01,0,0,0,0,0,0,0,0,0,0,0,0,0
2017-03-01,0,0,0,0,0,0,0,0,0,0,0,0,0
2017-04-01,0,0,0,0,0,0,0,0,0,0,0,0,0
2017-05-01,0,0,0,0,0,0,0,0,0,0,0,0,0
2017-06-01,0,0,0,0,0,0,0,0,0,0,0,0,0
2017-07-01,0,0,0,0,0,0,0,0,0,0,0,0,0
2017-08-01,0,0,0,0,0,0,0,0,0,0,0,0,0
2017-09-01,0,0,0,0,0,0,0,0,0,0,0,0,0
2017-10-01,0,0,0,0,0,0,0,0,0,0,0,0,0
2017-11-01,0,0,0,0,0,0,0,0,0,0,0,0,0
2017-12-01,0,0,0,0,0,0,0,0,0,0,0,0,0
2018-01-01,0,0,0,0,0,0,0,0,0,0,0,0,0
2018-02-01,0,0,0,0,0,0,0,0,0,0,0,0,0
2018-03-01,0,0,0,0,0,0,0,0,0,0,0,0,0
2018-04-01,0,0,0,0,0,0,0,0,0,0,0,0,0
2018-05-01,0,0,0,0,0,0,0,0,0,0,0,0,0
2018-06-01,0,0,0,0,0,0,0,0,0,0,0,0,0
2018-07-01,0,0,0,0,0,0,0,0,0,0,0,0,0
2018-08-01,0,0,0,0,0,0,0,0,0,0,0,0,0
2018-09-01,0,0,0,0,0,0,0,0,0,0,0,0,0
2018-10-01,0,0,0,0,0,0,0,0,0,0,0,0,0
2018-11-01,0,0,0,0,0,0,0,0,0,0,0,0,0
2018-12-01,0,0,0,0,0,0,0,0,0,0,0,0,0
2019-01-01,0,0,0,0,0,0,0,0,0,0,0,0,0
2019-02-01,0,0,0,0,0,0,0,0,0,0,0,0,0
2019-03-01,0,0,0,0,0,0,0,0,0,0,0,0,0
2019-04-01,0,0,0,0,0,0,0,0,0,0,0,0,0
2019-05-01,0,0,0,0,0,0,0,0,0,0,0,0,0
2019-06-01,0,0,0,0,0,0,0,0,0,0,0,0,0
2019-07-01,0,0,0,0,0,0,0,0,0,0,0,0,0
2019-08-01,0,0,0,0,0,0,0,0,0,0,0,0,0
2019-09-01,0,0,0,0,0,0,0,0,0,0,0,0,0
2019-10-01,0,0,0,0,0,0,0,0,0,0,0,0,0
2019-11-01,0,0,0,0,0,0,0,0,0,0,0,0,0
2019-12-01,0,0,0,0,0,0,0,0,0,0,0,0,0
2020-01-01,0,0,0,0,0,0,0,0,0,0,0,0,0
2020-02-01,0,0,0,0,0,0,0,0,0,0,0,0,0
2020-03-01,0,0,0,0,0,0,0,0,0,0,0,0,0
2020-04-01,0,0,0,0,0,0,0,0,0,0,0,0,0
2020-05-01,0,0,0,0,0,0,0,0,0,0,0,0,0
2020-06-01,0,0,0,0,0,0,0,0,0,0,0,0,0
2020-07-01,0,0,0,0,0,0,0,0,0,0,0,0,0
2020-08-01,0,0,0,0,0,0,0,0,0,0,0,0,0
2020-09-01,0,0,0,0,0,0,0,0,0,0,0,0,0
2020-10-01,0,0,0,0,0,0,0,0,0,0,0,0,0
2020-11-01,0,0,0,0,0,0,0,0,0,0,0,0,0
2020-12-01,0,0,0,0,0,0,0,0,0,0,0,0,0
2021-01-01,0,0,0,0,0,0,0,0,0,0,0,0,0
2021-02-01,0,0,0,0,0,0,0,0,0,0,0,0,0
2021-03-01,0,0,0,0,0,0,0,0,0,0,0,0,0
2021-04-01,0,0,0,0,0,0,0,0,0,0,0,0,0
2021-05-01,0,0,0,0,0,0,0,0,0,0,0,0,0
2021-06-01,0,0,0,0,0,0,0,0,0,0,0,0,0
2021-07-01,0,0,0,0,0,0,0,0,0,0,0,0,0
2021-08-01,0,0,0,0,0,0,0,0,0,0,0,0,0
2021-09-01,0,0,0,0,0,0,0,0,0,0,0,0,0
2021-10-01,0,0,0,0,0,0,0,0,0,0,0,0,0
2021-11-01,0,0,0,0,0,0,0,0,0,0,0,0,0
2021-12-01,0,0,0,0,0,0,0,0,0,0,0,0,0
2022-01-01,0,0,0,0,0,0,0,0,0,0,0,0,0
2022-02-01,0,0,0,0,0,0,0,0,0,0,0,0,0
2022-03-01,1,1,1,1,1,1,1,0,1,1,9,3,6
2022-04-01,1,1,1,1,1,1,1,0,1,1,9,3,6
2022-05-01,1,1,1,1,1,1,1,0,1,1,9,3,6
2022-06-01,1,1,1,1,1,1,1,0,1,1,9,3,6
2022-07-01,1,1,1,1,1,1,1,0,1,1,9,3,6
2022-08-01,1,1,1,1,1,1,1,0,1,1,9,3,6
2022-09-01,1,1,1,1,1,1,1,0,1,1,9,3,6
2022-10-01,1,1,1,1,1,1,1,0,1,1,9,3,6
2022-11-01,1,1,1,1,1,1,1,0,1,1,9,3,6
2022-12-01,1,1,1,1,1,1,1,0,1,1,9,3,6
2023-01-01,0,0,1,0,0,1,1,1,1,1,6,1,5
2023-02-01,0,0,1,0,0,1,1,1,1,1,6,1,5
2023-03-01,0,0,1,0,0,1,1,1,1,1,6,1,5
2023-04-01,0,0,1,0,0,1,1,1,1,1,6,1,5
2023-05-01,0,0,1,0,0,1,1,1,1,1,6,1,5
2023-06-01,0,0,1,0,0,1,1,1,1,1,6,1,5
2023-07-01,0,0,1,0,0,0,0,1,1,1,4,1,3
2023-08-01,0,0,1,0,0,0,0,1,1,1,4,1,3
2023-09-01,0,0,1,0,0,0,0,1,1,1,4,1,3
2023-10-01,0,0,1,0,0,0,0,1,1,1,4,1,3
2023-11-01,0,0,1,0,0,0,0,1,1,1,4,1,3
2023-12-01,0,0,1,0,0,0,0,1,1,1,4,1,3
2024-01-01,0,0,0,0,0,0,0,1,1,1,3,0,3
2024-02-01,0,0,0,0,0,0,0,1,1,1,3,0,3
2024-03-01,0,0,0,0,0,0,0,1,1,1,3,0,3